circuit,circuit_kind,expr,task,ablation,eval,metric,value
delta_far__leaf,leaf,farD-farH,far,interchange,knockout,honest_accuracy_drop,0.0030000000000000027
delta_far__leaf,leaf,farD-farH,far,interchange,knockout,task_accuracy,0.485
delta_far__leaf,leaf,farD-farH,far,interchange,knockout,wikitext_kl,0.09959009196609259
delta_far__leaf,leaf,farD-farH,far,interchange,null,accuracy,0.0
delta_far__leaf,leaf,farD-farH,far,interchange,null,exact_match,0.0
delta_far__leaf,leaf,farD-farH,far,interchange,null,kl_div,100.0
delta_far__leaf,leaf,farD-farH,far,interchange,null,logit_diff,100.0
delta_far__leaf,leaf,farD-farH,far,interchange,pressure,circuit_logit_diff_honest_instruction,1.379375
delta_far__leaf,leaf,farD-farH,far,interchange,pressure,circuit_logit_diff_with_pressure,-2.125125
delta_far__leaf,leaf,farD-farH,far,interchange,pressure,delta,3.5045
delta_sdr__leaf,leaf,sdrD-sdrH,far,interchange,knockout,honest_accuracy_drop,-0.599
delta_sdr__leaf,leaf,sdrD-sdrH,far,interchange,knockout,task_accuracy,0.722
delta_sdr__leaf,leaf,sdrD-sdrH,far,interchange,knockout,wikitext_kl,0.6589056733064353
delta_sdr__leaf,leaf,sdrD-sdrH,far,interchange,null,accuracy,0.0
delta_sdr__leaf,leaf,sdrD-sdrH,far,interchange,null,exact_match,0.0
delta_sdr__leaf,leaf,sdrD-sdrH,far,interchange,null,kl_div,82.0
delta_sdr__leaf,leaf,sdrD-sdrH,far,interchange,null,logit_diff,62.0
delta_sdr__leaf,leaf,sdrD-sdrH,far,interchange,pressure,circuit_logit_diff_honest_instruction,1.373375
delta_sdr__leaf,leaf,sdrD-sdrH,far,interchange,pressure,circuit_logit_diff_with_pressure,-2.130625
delta_sdr__leaf,leaf,sdrD-sdrH,far,interchange,pressure,delta,3.5040000000000004
delta_ser__leaf,leaf,serD-serH,far,interchange,knockout,honest_accuracy_drop,-0.522
delta_ser__leaf,leaf,serD-serH,far,interchange,knockout,task_accuracy,0.201
delta_ser__leaf,leaf,serD-serH,far,interchange,knockout,wikitext_kl,0.29517840570770204
delta_ser__leaf,leaf,serD-serH,far,interchange,null,accuracy,0.0
delta_ser__leaf,leaf,serD-serH,far,interchange,null,exact_match,0.0
delta_ser__leaf,leaf,serD-serH,far,interchange,null,kl_div,100.0
delta_ser__leaf,leaf,serD-serH,far,interchange,null,logit_diff,100.0
delta_ser__leaf,leaf,serD-serH,far,interchange,pressure,circuit_logit_diff_honest_instruction,1.37725
delta_ser__leaf,leaf,serD-serH,far,interchange,pressure,circuit_logit_diff_with_pressure,-2.127
delta_ser__leaf,leaf,serD-serH,far,interchange,pressure,delta,3.50425
delta_far__leaf,leaf,farD-farH,sdr,interchange,knockout,honest_accuracy_drop,-0.048000000000000015
delta_far__leaf,leaf,farD-farH,sdr,interchange,knockout,task_accuracy,0.879
delta_far__leaf,leaf,farD-farH,sdr,interchange,knockout,wikitext_kl,0.09959009196609259
delta_far__leaf,leaf,farD-farH,sdr,interchange,null,accuracy,0.0
delta_far__leaf,leaf,farD-farH,sdr,interchange,null,exact_match,0.0
delta_far__leaf,leaf,farD-farH,sdr,interchange,null,kl_div,48.0
delta_far__leaf,leaf,farD-farH,sdr,interchange,null,logit_diff,82.0
delta_far__leaf,leaf,farD-farH,sdr,interchange,pressure,circuit_logit_diff_honest_instruction,1.55225
delta_far__leaf,leaf,farD-farH,sdr,interchange,pressure,circuit_logit_diff_with_pressure,-1.783
delta_far__leaf,leaf,farD-farH,sdr,interchange,pressure,delta,3.33525
delta_sdr__leaf,leaf,sdrD-sdrH,sdr,interchange,knockout,honest_accuracy_drop,-0.16
delta_sdr__leaf,leaf,sdrD-sdrH,sdr,interchange,knockout,task_accuracy,0.075
delta_sdr__leaf,leaf,sdrD-sdrH,sdr,interchange,knockout,wikitext_kl,0.6589056733064353
delta_sdr__leaf,leaf,sdrD-sdrH,sdr,interchange,null,accuracy,0.0
delta_sdr__leaf,leaf,sdrD-sdrH,sdr,interchange,null,exact_match,0.0
delta_sdr__leaf,leaf,sdrD-sdrH,sdr,interchange,null,kl_div,20.0
delta_sdr__leaf,leaf,sdrD-sdrH,sdr,interchange,null,logit_diff,22.0
delta_sdr__leaf,leaf,sdrD-sdrH,sdr,interchange,pressure,circuit_logit_diff_honest_instruction,1.549125
delta_sdr__leaf,leaf,sdrD-sdrH,sdr,interchange,pressure,circuit_logit_diff_with_pressure,-1.783875
delta_sdr__leaf,leaf,sdrD-sdrH,sdr,interchange,pressure,delta,3.333
delta_ser__leaf,leaf,serD-serH,sdr,interchange,knockout,honest_accuracy_drop,-0.218
delta_ser__leaf,leaf,serD-serH,sdr,interchange,knockout,task_accuracy,0.578
delta_ser__leaf,leaf,serD-serH,sdr,interchange,knockout,wikitext_kl,0.29517840570770204
delta_ser__leaf,leaf,serD-serH,sdr,interchange,null,accuracy,0.0
delta_ser__leaf,leaf,serD-serH,sdr,interchange,null,exact_match,0.0
delta_ser__leaf,leaf,serD-serH,sdr,interchange,null,kl_div,80.0
delta_ser__leaf,leaf,serD-serH,sdr,interchange,null,logit_diff,92.0
delta_ser__leaf,leaf,serD-serH,sdr,interchange,pressure,circuit_logit_diff_honest_instruction,1.550875
delta_ser__leaf,leaf,serD-serH,sdr,interchange,pressure,circuit_logit_diff_with_pressure,-1.78275
delta_ser__leaf,leaf,serD-serH,sdr,interchange,pressure,delta,3.333625
delta_far__leaf,leaf,farD-farH,ser,interchange,knockout,honest_accuracy_drop,0.04166666666666663
delta_far__leaf,leaf,farD-farH,ser,interchange,knockout,task_accuracy,0.7083333333333334
delta_far__leaf,leaf,farD-farH,ser,interchange,knockout,wikitext_kl,0.09959009196609259
delta_far__leaf,leaf,farD-farH,ser,interchange,null,accuracy,0.0
delta_far__leaf,leaf,farD-farH,ser,interchange,null,exact_match,0.0
delta_far__leaf,leaf,farD-farH,ser,interchange,null,kl_div,94.0
delta_far__leaf,leaf,farD-farH,ser,interchange,null,logit_diff,94.0
delta_far__leaf,leaf,farD-farH,ser,interchange,pressure,circuit_logit_diff_honest_instruction,-0.052083333333333336
delta_far__leaf,leaf,farD-farH,ser,interchange,pressure,circuit_logit_diff_with_pressure,-1.375
delta_far__leaf,leaf,farD-farH,ser,interchange,pressure,delta,1.3229166666666667
delta_sdr__leaf,leaf,sdrD-sdrH,ser,interchange,knockout,honest_accuracy_drop,0.0
delta_sdr__leaf,leaf,sdrD-sdrH,ser,interchange,knockout,task_accuracy,0.625
delta_sdr__leaf,leaf,sdrD-sdrH,ser,interchange,knockout,wikitext_kl,0.6589056733064353
delta_sdr__leaf,leaf,sdrD-sdrH,ser,interchange,null,accuracy,0.0
delta_sdr__leaf,leaf,sdrD-sdrH,ser,interchange,null,exact_match,0.0
delta_sdr__leaf,leaf,sdrD-sdrH,ser,interchange,null,kl_div,100.0
delta_sdr__leaf,leaf,sdrD-sdrH,ser,interchange,null,logit_diff,100.0
delta_sdr__leaf,leaf,sdrD-sdrH,ser,interchange,pressure,circuit_logit_diff_honest_instruction,-0.06770833333333333
delta_sdr__leaf,leaf,sdrD-sdrH,ser,interchange,pressure,circuit_logit_diff_with_pressure,-1.3697916666666667
delta_sdr__leaf,leaf,sdrD-sdrH,ser,interchange,pressure,delta,1.3020833333333335
delta_ser__leaf,leaf,serD-serH,ser,interchange,knockout,honest_accuracy_drop,0.08333333333333337
delta_ser__leaf,leaf,serD-serH,ser,interchange,knockout,task_accuracy,0.5833333333333334
delta_ser__leaf,leaf,serD-serH,ser,interchange,knockout,wikitext_kl,0.29517840570770204
delta_ser__leaf,leaf,serD-serH,ser,interchange,null,accuracy,0.0
delta_ser__leaf,leaf,serD-serH,ser,interchange,null,exact_match,0.0
delta_ser__leaf,leaf,serD-serH,ser,interchange,null,kl_div,100.0
delta_ser__leaf,leaf,serD-serH,ser,interchange,null,logit_diff,100.0
delta_ser__leaf,leaf,serD-serH,ser,interchange,pressure,circuit_logit_diff_honest_instruction,-0.057291666666666664
delta_ser__leaf,leaf,serD-serH,ser,interchange,pressure,circuit_logit_diff_with_pressure,-1.3697916666666667
delta_ser__leaf,leaf,serD-serH,ser,interchange,pressure,delta,1.3125
